Model,TOPSIS Score,Rank
LED-Base,0.9672004685692955,1.0
BART-Large-MNLI,0.7623355881961272,2.0
BART-Large-CNN,0.6371964113370798,3.0
Pegasus-Large,0.6042255956558954,4.0
T5-Large,0.5807899814597944,5.0
T5-Base,0.566912826511748,6.0
Pegasus-XSUM,0.21690512055951083,7.0
BART-Large,0.20859056279976002,8.0
BART-Large-XSUM,0.09393875480239022,9.0
